axis	category	unit_count	evidence_rule
evidence_layer	source_and_admission_audited_core	630	core units excluding SkillsBench and SWE Skills Bench executable/oracle-backed sources
evidence_layer	executable_or_oracle_backed_core	64	31 SkillsBench plus 33 SWE Skills Bench core units
evidence_layer	blind_oracle_leakage_audited_hard	496	hard role-flip units admitted by blind, oracle, leakage, and release gates
core_risk_type	wrong_resource_pointer	390	terminal unit_id risk-type component
core_risk_type	wrong_precondition	232	terminal unit_id risk-type component
core_risk_type	poisoned_procedure_clause	34	terminal unit_id risk-type component
core_risk_type	deterministic_oracle	33	terminal unit_id risk-type component
core_risk_type	stale_api_reference	3	terminal unit_id risk-type component
core_risk_type	misleading_example	2	terminal unit_id risk-type component
