surface	platform	component	version_or_checkpoint	role
release_validation	macOS arm64	Python	3.9.6	CPU quickstart and metric checks
release_validation	macOS arm64	NumPy	1.26.4	CPU quickstart and metric checks
release_validation	macOS arm64	SciPy	1.11.4	CPU quickstart and uncertainty checks
release_validation	macOS arm64	scikit-learn	1.6.1	Reference scorer provenance
release_validation	macOS arm64	pandas	2.3.3	Artifact table processing
neural_diagnostics	AutoDL CUDA GPU	transformers	4.57.6	Model loading and inference provenance
neural_diagnostics	AutoDL CUDA GPU	sentence-transformers	5.1.2	Embedding inference provenance
skill_retrieval_neural_runs	AutoDL CUDA GPU	PyTorch	2.8.0	SkillRouter, SkillRet, R3-Skill, BGE-M3, and Qwen fixed-rank inference
bge_reranker_run	AutoDL CUDA GPU	PyTorch	2.7.0+cu128	BAAI/bge-reranker-v2-m3 top-20 reranking
